{
    "version": "0.2.0",
    "configurations": [
        {
            "name": "Attach to DCS (T-50B EFM)",
            "type": "cppvsdbg",
            "request": "attach",
            "processId": "${command:pickProcess}",
            "program": "${workspaceFolder}/build/bin/Debug/T50_EFM.dll",
            "symbolSearchPath": "${workspaceFolder}/build/bin/Debug",
            "justMyCode": false,
            "logging": {
                "moduleLoad": false,
                "trace": false,
                "engineLogging": false
            }
        },
        {
            "name": "Debug T-50B EFM (Launch DCS)",
            "type": "cppvsdbg",
            "request": "launch",
            "program": "C:\\Program Files\\Eagle Dynamics\\DCS World\\bin\\DCS.exe",
            "args": [],
            "stopAtEntry": false,
            "cwd": "C:\\Program Files\\Eagle Dynamics\\DCS World",
            "environment": [],
            "console": "externalTerminal",
            "preLaunchTask": "Copy DLL to DCS"
        }
    ]
}


