{
    "version": "2.0.0",
    "tasks": [
        {
            "label": "Build Debug DLL",
            "type": "shell",
            "command": "cmake",
            "args": [
                "--build",
                "${workspaceFolder}/build",
                "--config",
                "Debug"
            ],
            "group": {
                "kind": "build",
                "isDefault": true
            },
            "problemMatcher": "$msCompile"
        },
        {
            "label": "Copy DLL to DCS",
            "type": "shell",
            "command": "xcopy",
            "args": [
                "/Y",
                "${workspaceFolder}/build/bin/Debug/T50_EFM.dll",
                "${env:USERPROFILE}\\Saved Games\\DCS\\Mods\\aircraft\\T-50B\\EFM\\bin\\Release\\"
            ],
            "windows": {
                "options": {
                    "shell": {
                        "executable": "cmd.exe",
                        "args": ["/c"]
                    }
                }
            },
            "problemMatcher": []
        }
    ]
}


